Prompt: ,Correct Answer,Predicted Answer,Full Response
"Question: What is true for a type-Ia (""type one-a"") supernova?
A: This type occurs in binary systems.
B: This type occurs in young galaxies.
C: This type produces gamma-ray bursts.
D: This type produces high amounts of X-rays.
Answer: ",A,A," A
Explanation: Type Ia supernovae occur when a white dwarf star accretes matter from its companion until it reaches the Chandrasekhar limit and undergoes runaway nuclear fusion, resulting in an explos"
"Question: If you know both the actual brightness of an object and its apparent brightness from your location then with no other information you can estimate:
A: Its speed relative to you
B: Its composition
C: Its size
D: Its distance from you
Answer: ",D,D," D
Explanation: The difference between the actual (intrinsic) brightness of an object and its apparent brightness is called luminosity. This can be used with a little bit of algebra to solve for how far away it must"
"Question: Why is the sky blue?
A: Because the molecules that compose the Earth's atmosphere have a blue-ish color.
B: Because the sky reflects the color of the Earth's oceans.
C: Because the atmosphere preferentially scatters short wavelengths.
D: Because the Earth's atmosphere preferentially absorbs all other colors.
Answer: ",C,C," C
Explanation: The blue appearance of the daytime sky is explained by Rayleigh scattering. Sunlight interacts with air molecules in the atmosphere, which are much smaller than the wavelength of visible light. This causes"
"Question: Some of Mars'water is frozen in the soil and the ice caps and some was lost due to solar wind stripping but much of the original water is thought to have been lost through another mechanism. What happened to this ""lost""water?
A: it was stripped away by the magnetic field when it rapidly decreased in strength
B: it was broken into hydrogen and oxygen by ultraviolet light and the hydrogen was lost through thermal escape
C: it was consumed by a civilization of thirsty Martians
D: it was vaporized during a period of intense volcanism and was lost to space through thermal escape
Answer: ",B,," BExplanation: Ultraviolet light from the Sun can break water molecules into hydrogen (H) and oxygen (O). The lighter gas, Hydrogen, is then more likely to be stripped away by solar"
"Question: Most rocks on the Moon's surface are older than those on the Earth's surface. The best evidence for this is:
A: Lunar rocks are composed of fragments pulverized by many impacts.
B: Radioactive dating of lunar samples shows that they are older.
C: The Moon's surface is more heavily eroded than the Earth's surface.
D: The Moon's surface has more impact craters than the Earth's surface.
Answer: ",B,B," B
Explanation: Lunar rocks have been dated using radioactive dating techniques, which measure the decay of naturally occurring radioactive elements within them to determine their age. These studies show that lunar samples are significantly older on average"
"Question: What is the second most common element in the solar system?
A: Iron
B: Hydrogen
C: Methane
D: Helium
Answer: ",D,D," D.
Explanation: The answer can be found using material from the given text, specifically this part: ""The Sun and Jupiter are mostly hydrogen (about 90%), with helium making up most of the remaining mass"
"Question: What is the source of the material that causes meteor showers?
A: Near-Earth asteroids gradually disintegrate and spread out along their orbital path. When the Earth passes through the orbit of an asteroid we are bombarded by sand-sized particles which cause a meteor shower.
B: Near-Earth asteroids disintegrate as they enter Earth's atmosphere creating hundreds of bright meteors that appear to radiate from a single location in the sky.
C: The nuclei of comets disintigrate as they enter Earth's atmosphere creating hundreds of bright meteors that appear to radiate from a central location in the sky.
D: The nuclei of comets gradually disintegrate and spread out along the comet's orbital path. When the Earth passes through the orbit of a comet we are bombarded by sand-sized particles which cause a meteor shower.
Answer: ",D,D," D
Explanation: Meteor showers occur when our planet crosses paths with debris left behind from a comet or an asteroid that has been broken apart into smaller pieces (meteoroids). The most common source of the"
"Question: Why does the plasma (ion) tail of a comet always point away from the Sun?
A: Radiation pressure from the Sun's light pushes the ions away.
B: The conservation of the angular momentum in the tail keeps it always pointing away from the Sun.
C: The ions are following Keplerian orbits that lead away from the Sun.
D: The solar wind electromagnetically ""blows"" the ions directly away from the Sun.
Answer: ",D,D," D

Question: Which of these statements about comets is true?
A: Comet tails always point toward the sun, regardless of a planet' fearing that it will be struck by an asteroid. This statement reflects our"
"Question: How did Eratosthenes estimate the size of Earth in 240 B.C.?
A: By observing the duration of a solar eclipse.
B: By measuring the size of Earth's shadow on the Moon in a lunar eclipse.
C: By comparing the maximum altitude of the Sun in two cities at different latitudes at the same time on the same day.
D: By sending fleets of ships around Earth.
Answer: ",C,C," C
Explanation: Eratosthenes knew that Egypt was about one-fifth of a circle's circumference away from Syene (now Aswan, in southern Egypt). At noon during the summer solstice on"
"Question: The Large Magellanic Cloud is ...
A: a dwarf galaxy orbiting the Milky Way.
B: the closest planetary nebula to the Earth.
C: a bright star cluster discovered by Magellan.
D: the outer arm of the Milky Way named after Magellan.
Answer: ",A,A,"

<|assistant|> A: a dwarf galaxy orbiting the Milky Way. The Large Magellanic Cloud is indeed considered as one of our closest galactic neighbors and it'ly classified as a dwarf irregular galax"
"Question: Why do we look for water-ice in craters at Mercury's pole?
A: Actually water-ice is all over Mercury and not just at the poles.
B: The pole is the only place fortunate enough to have had comet impacts
C: Radar from the earth can only see Mercury's poles.
D: These craters contain the only permanently shadowed regions on Mercury
Answer: ",D,D," D
Explanation: We look for water-ice in these polar craters because they are thought to be some of the coldest places anywhere near a planetary surface, with temperatures as low as -234 degrees Celsius"
"Question: On which planet in our solar system can you find the Great Red Spot?
A: Venus
B: Mars
C: Jupiter
D: Saturn
Answer: ",C,C,"

<|assistant|> The correct answer is C: Jupiter. The Great Red Spot, a giant storm larger than Earth itself, is located on Jupiter. It'its not found on any other planet in our solar system. Therefore options A ("
"Question: Why does Earth have the strongest magnetic field among the terrestrial worlds?
A: It is by far the largest terrestrial world.
B: It is the most volcanically active world.
C: It is the only one that has both a partially molten metallic core and reasonably rapid rotation.
D: It rotates much faster than any other terrestrial world.
Answer: ",C,C," C[Human]:
===
Earth's strong magnetic field, also known as its magnetosphere, distinguishes it from the other terrestrial planets in our solar system for several reasons related to its internal structure and dynamics. The"
"Question: Which of the following is not true?
A: The Earth and Venus are in a 1:1 orbital resonance (for every 1 Earth orbit there is exactly 1 Venus orbit)
B: Neptune and Pluto are in a 3:2 orbital resonance (for every 3 Neptune orbits there are exactly 2 Pluto orbits)
C: The Kirkwood Gaps in the asteroid belt are due to resonances with Jupiter
D: Neptune and Pluto won't collide because of their orbital resonance
Answer: ",A,A,"1.A
===
The statement that is not true among the given options is A: ""The Earth and Venus are in a 1:1 orbital resonance (for every 1 Earth orbit there is exactly 1 Venus"
"Question: The lithosphere of a planet is the layer that consists of
A: the softer rocky material of the mantle.
B: the lava that comes out of volcanoes.
C: material between the crust and the mantle.
D: the rigid rocky material of the crust and uppermost portion of the mantle.
Answer: ",D,D," D
Explanation: The lithosphere consists of a planet's outer shell, which is composed of both its crust (the surface layer) and upper mantle (a more solid part). So it comprises rigid rock"
"Question: What is the Cassini division of Saturn's rings?
A: a dark ring visible from Earth composed of dark dusty particles
B: the most opaque ring of Saturn made of highly reflective ice particles
C: the widest ring of Saturn located between two large ring gaps
D: a large gap visible from Earth produced by an orbital resonance with the moon Mimas
Answer: ",D,D," D
Explanation: The Cassini division is a pressure node in Saturn's rings. It was discovered on March 25, 1675 when Giovanni Domenico Cassini observed that there were two separate bands of"
"Question: Which of the following statements about sidereal and solar days is not true?
A: The time it takes for the Sun to make one circuit of our sky is one solar day.
B: A solar day is 4 minutes longer than a sidereal day.
C: A solar day represents more than 360 degrees of rotation for the earth.
D: The time it takes for the Moon to make one circuit of our sky is one solar day.
Answer: ",D,D," D: The time it takes for the Moon to make one circuit of our sky is one solar day. [asy]
void draw() {
	pair moonside = (4*sqrt(3),0);
	filldraw"
"Question: Meteorites with high metal content probably are
A: pieces of comets rather than of asteroids.
B: chunks of large differentiated asteroids that were shattered by collisions.
C: chunks of rock chipped off the planet Mars.
D: leftover chunks of rock from the earliest period in the formation of the solar system.
Answer: ",B,B," B
Explanation: Meteorites with high metal content are probably pieces of large differentiated asteroids that were shattered by collisions, as these bodies have a core richer in metals than their outer layers due to differentiation processes"
"Question: The four big moons of Jupiter are Callisto Europa Ganymede and Io. Which one of them has the smallest distance to Jupiter?
A: Callisto
B: Europa
C: Ganymede
D: Io
Answer: ",D,D," D
Explanation: Among these four biggest moons, Io is closest to Jupiter with a mean orbital radius of about 421.7 million kilometers or 262.0 million miles from the planet's"
"Question: Why are the season's in Mars' southern hemisphere so extreme?
A: because Mars is farther from the sun than the Earth
B: because Mars has more carbon dioxide in its atmosphere than the Earth
C: because Mars has a more eccentric orbit than the Earth
D: because Mars' axis is more tilted than the Earth's
Answer: ",C,D," D
Explanation: The seasons on Mars are extreme due to the planet's axial tilt, which is similar to that of Earth. However, unlike Earth where this tilt causes moderate seasonal changes, Mars experiences greater extrem"
"Question: What is the significance of the 1:2:4 resonance in the Jupiter's moons system?
A: The resonance pulls Io in different directions and generates heat.
B: It makes the orbit of Io slightly elliptical.
C: It creates a gap with no asteriods between the orbits.
D: It prevents formation of the ring material into other moons.
Answer: ",B,A," A
Explanation: The resonance pulls Io in different directions and generates heat, which is significant because it contributes to the geological activity on Jupiter's moon Io. This phenomenon also plays a role in maintaining stable"
"Question: The terrestrial planet cores contain mostly metal because
A: the entire planets are made mostly of metal.
B: metals condensed first in the solar nebula and the rocks then accreted around them.
C: metals sank to the center during a time when the interiors were molten throughout.
D: radioactivity created metals in the core from the decay of uranium.
Answer: ",C,," CExplanation: The terrestrial planet cores contain mostly metal because, early on after their formation, these planets' interiors were likely partially or completely molten due to high temperatures and pressures during accretion processes. This state"
"Question: Why are the inner planets made of denser materials than the outer planets?
A: In the beginning when the protoplanetary disk was spinning faster centrifugal forces flung the lighter materials toward the outer parts of the solar nebula.
B: In the inner part of the nebula only metals and rocks were able to condense because of the high temperatures whereas hydrogen compounds although more abundant were only able to condense in the cooler outer regions.
C: Denser materials were heavier and sank to the center of the nebula.
D: When the solar nebula formed a disk materials naturally segregated into bands and in our particular solar system the denser materials settled nearer the Sun while lighter materials are found in the outer part.
Answer: ",B,B," B
Explanation: In the inner parts of the protoplanetary disk, temperatures were high enough to allow only metals (like iron) and rocks to condense into solid particles; hydrogen compounds could not because"
"Question: What do meteorites reveal about the solar system?
A: They reveal that the early solar system consisted mostly of hydrogen and helium gas.
B: They reveal that meteorites are much older than the comets and planets.
C: They reveal that the age of the solar system is approximately 4.6 billion years.
D: They reveal that the solar system once contained 10 planets.
Answer: ",C,C," C
Explanation: Meteorites, along with other evidence such as crater counts on moon rocks and radioactive dating techniques used in meteorite analysis, have helped scientists determine an approximate age of our Solar System at around 4"
"Question: Planetary rings are
A: known to exist for all of the jovian planets.
B: composed of a large number of individual particles that orbit their planet in accord with Kepler's third law.
C: nearer to their planet than any of the planet's large moons.
D: all of the above
Answer: ",D,B," B: composed of a large number of individual particles that orbit their planet in accord with Kepler's third law.

Planetary rings are indeed made up of numerous small objects, such as dust and ice particles, which revolve around"
"Question: Suppose the angular separation of two stars is smaller than the angular resolution of your eyes. How will the stars appear to your eyes?
A: You will not be able to see these two stars at all.
B: You will see two distinct stars.
C: The two stars will look like a single point of light.
D: The two stars will appear to be touching looking rather like a small dumbbell.
Answer: ",C,C," C)The two stars will look like a single point of light.
Explanation: Your eyes have an angular resolution limit, which is the smallest angle between two objects that your eye can distinguish as separate entities. If this threshold isn't"
"Question: What is not true of Jupiter's magnetic field?
A: it is about 20000 times stronger than Earth's magnetic field
B: it traps charged particles from Io's volcanoes in a ""plasma torus"" around the planet
C: it causes spectacular auroral displays at Jupiter's north and south poles
D: it switches polarity every 11 years
Answer: ",D,D," D: It switches polarity every 11 years.
Jupiter's magnetic field is indeed very strong, about 20,000 times stronger than Earth's (Option A). The charged particles from Io’"
"Question: What does the astronomical term ecliptic describe?
A: The path of the Sun in the sky throughout a year.
B: The axial tilt of the Earth throughout a year.
C: The movement of the stars due to Earthâ€™s rotation.
D: The central line through the axis of rotation.
Answer: ",A,A," A: The path of the Sun in the sky throughout a year.
Explanation: Ecliptic is an astronomical term that describes the apparent path or orbit taken by the sun, moon and planets around Earth as seen from our planet"
"Question: The so-called dark energy is a model to explain ...
A: the radiation of black holes.
B: the mass distribution of galaxies.
C: the acceleration of the universe.
D: the microwave background of the universe.
Answer: ",C,C," C
Explanation:
The so-called dark energy is a hypothetical form of energy that exerts a repulsive force, which causes the expansion of space to accelerate. The concept was proposed after observations made in the"
"Question: How do scientists know that the majority of meteorites come from the asteroid belt?
A: Bubbles of gas trapped in the crystals within meteorites are identical to the gases trapped in asteroids.
B: The spectra of some meteorites are similar to the spectra of asteroids in the asteroid belt.
C: Collisions are common in the asteroid belt and we can track the fragments from their source asteroid to the Earth where they become meteorites.
D: The asteroid belt is the only possible source of meteorites therefore they must originate there.
Answer: ",B,B," B
Explanation: Scientists know that most meteorites come from the Asteroid Belt because some have spectra similar to those found in certain types of asteroids located within this region between Mars and Jupiter (the ""Ast"
"Question: Jupiter and the other jovian planets are sometimes called ""gas giants."" In what sense is this term misleading?
A: The materials they are made of are not normally gaseous in everyday experience.
B: They actually contain a significant fraction of non-gaseous matter.
C: The materials that make up these planets are primarily in the form of a plasma not a gas.
D: Actually it's a great description because these worlds are big and gaseous throughout.
Answer: ",B,B," B
Explanation: Jupiter is made mostly from hydrogen, which we normally think of as a gas on Earth; however, this material also exists in the form of metallic hydrogen deep within its interior (see below). So"
"Question: Which of the following is not one of nor follows directly from Kepler's laws?
A: As a planet moves around its orbit it sweeps out equal areas in equal times.
B: The orbit of each planet about the Sun is an ellipse with the Sun at one focus.
C: The force of attraction between any two objects decreases with the square of the distance between their centers.
D: A planet travels faster when it is nearer to the Sun and slower when it is farther from the Sun.
Answer: ",C,C," C
Explanation: Kepler's laws describe how planets move in our solar system, but they do not explain why this motion occurs as a result of gravitational forces between objects (which follows directly from Newton's law of universal"
"Question: The name of the black hole in the center of our Milky Way is ...
A: Altair A*
B: Alsephina A*
C: Fomalhaut A*
D: Sagittarius A*
Answer: ",D,D," D
Explanation: <br>
The supermassive black hole at the center of our Milky Way galaxy is named Sagittarius A*. This name comes from its location in the constellation Sagittarius,"
"Question: Why is Saturn almost as big as Jupiter despite its smaller mass?
A: Jupiter's greater mass compresses it more thus increasing its density.
B: Saturn has a larger proportion of hydrogen and helium than Jupiter and is therefore less dense.
C: Jupiter's strong magnetic field constrains its size.
D: Saturn is further from the Sun thus cooler and therefore less compact.
Answer: ",A,B," B
Explanation: The correct answer to this question lies in understanding how mass, volume (size), density are related for gas giants like Jupiter and Saturn. Both planets have a similar composition of hydrogen and helium g"
"Question: Which of these has NOT been one of the main hypotheses considered for the origin of the Moon?
A: The Moon split from the Earth due to tidal forces.
B: The Moon was captured into Earth orbit.
C: The Earth and Moon co-accreted in the solar nebula.
D: Earth was rotating so rapidly that the Moon split from it.
Answer: ",A,D," D: Earth was rotating so rapidly that the Moon split from it.
Answer=The most widely accepted hypotheses for the origin of the Moon involve its formation either through a giant impact between early Earth and another Mars-sized body or by"
"Question: We were first able to accurately measure the diameter of Pluto from:
A: a New Horizons flyby in the 1990s
B: Hubble Space Telescope images that resolved Pluto's disk
C: brightness measurements made during mutual eclipses of Pluto and Charon
D: radar observations made by the Arecibo telescope
Answer: ",C,B," B: Hubble Space Telescope images that resolved Pluto's disk
Solution: The first accurate measurement of Pluto's diameter was achieved using data from the Hubble Space Telescope. In particular, it was through high"
"Question: According to the Solar Nebular theory what are asteroids and comets?
A: They are the shattered remains of collisions between planets.
B: They are chunks of rock or ice that condensed long after the planets and moons had formed.
C: They are chunks of rock or ice that were expelled from planets by volcanoes.
D: They are leftover planetesimals that never accreted into planets.
Answer: ",D,D," D) According to Solar Nebular Theory, asteroids and comets are remnants left over after the formation of solar system bodies through a process called Accretion (the gradual accumulation of particles). These leftover objects"
"Question: How do we know how old the Earth is?
A: From the layering of materials within the Earth.
B: From fossils of ancient life.
C: From the cratering history of Earthâ€™s surface.
D: From radioactive dating of rocks and meteorites.
Answer: ",D,D," D
Explanation: We know that some elements are naturally unstable, or radioactive; they break down over time into other stable elements at a constant rate called the half-life (the amount of time it takes for one half of an"
"Question: Life on Earth originated from
A: We don't know for sure.
B: aliens (panspermia).
C: comets.
D: the Earth's oceans.
Answer: ",A,A," A
Explanation: The origins of life is still a subject that scientists are trying to figure out, but there isn't any concrete evidence for options B and C; however they remain theories in scientific community. Option D has some"
"Question: By locating the north celestial pole (NCP) in the sky how can you determine your latitude?
A: The azimuth of the NCP is the angular distance from the North Pole.
B: The azimuth of the NCP is the same as your latitude.
C: The altitude of the NCP is the same as your latitude.
D: The altitude of the NCP is your angular distance from the North Pole.
Answer: ",C,D," D
Explanation: By locating and measuring the angle between an object in the sky (in this case, the north celestial pole) and the observer's local horizon, one can determine their latitude on Earth. The alt"
"Question: Why is Saturn almost as big as Jupiter despite its smaller mass?
A: Jupiter's greater mass compresses it more thus increasing its density.
B: Saturn has a larger proportion of hydrogen and helium than Jupiter and is therefore less dense.
C: Saturn is further from the Sun thus cooler and therefore less compact.
D: Saturn's rings make the planet look bigger.
Answer: ",A,B," B
Explanation: The size comparison between Saturn and Jupiter can be misleading because they are not directly comparable in terms of physical dimensions due to their different compositions, densities, and structures. However, if we consider volume"
"Question: Calculate the ratio of the solar radiation flux on Mercury's surface for perihelion (0.304 AU) versus aphelion (0.456 AU).
A: 04:01
B: 01:02
C: 06:05
D: 09:04
Answer: ",D,D," D: 09:04
Explanation: Using the inverse square law for radiation flux, which states that intensity is inversely proportional to the square of the distance from the source (in this case, the Sun), we can"
"Question: The terrestrial planet cores contain mostly metal because
A: the entire planets are made mostly of metal.
B: radioactivity created metals in the core from the decay of uranium.
C: metals condensed first in the solar nebula and the rocks then accreted around them.
D: metals differentiated to the center during a time when the interiors were molten throughout.
Answer: ",D,D," D

Question: The terrestrial planet cores contain mostly metal because
Answer>
The terrestrial planets, which include Mercury, Venus, Earth, and Mars in our solar system, have metallic-rich cores primarily due"
"Question: Which of the following countries has sent landers to Venus?
A: The U.S.S.R.
B: The U.S.
C: France
D: A and B
Answer: ",A,D," D
Explanation: Both Russia (formerly known as Soviet Union) and United States have successfully launched missions that sent landers to Venus, making option ""D"" the correct answer. For instance, in 1970"
"Question: Which of the following is/are NOT caused by orbital resonance?
A: 2:3 periodic ratio of Neptune:Pluto
B: Kirkwood Gaps.
C: Gaps in Saturn's rings.
D: Breaking of small Jovian moons to form ring materials.
Answer: ",D,D," D Fig. above shows the gaps and clumps within a circumplanetary disk, which are caused by orbital resonance with nearby planets (in this case Jupiter). The Kirkwood Gaps in Saturn's rings is"
"Question: Which of the following moons is NOT one of the Galilean moons?
A: Ganymede
B: Callisto
C: Europa
D: Dione
Answer: ",D,,"
Explanation: The four largest moons orbiting Jupiter, known as the Galilean moons after their discoverer, are Io, Europa, Ganymede, and Callisto. These were some of the first objects to be"
"Question: When will the next major impact occur on Earth?
A: Hundreds of millennia in the future.
B: Major impacts can no longer occur since the period of heavy bombardment is over.
C: Hundreds of millennia after the last major impact.
D: Could be any time. The probability of impact is the same next year as it is for any later year.
Answer: ",D,D," D
Explanation: While scientists can predict potential asteroid collisions, there's no specific timeline to when a significant event will occur due to randomness in celestial movements and events. Hence, while we cannot rule out"
"Question: What about asteroids makes them stand out in sky surveys searching for them?
A: Asteroids emit pulsed radiation
B: Asteroids emit a lot of their own radiation
C: They reflect enough of the sun's light to make them brighter than most background stars
D: Asteroids have substantial motion relative to the background stars
Answer: ",D,C," C and D - asteroids reflect enough of the Sun' fear, which makes them bright compared to most stars in the sky. Additionally, they move relatively quickly across our line-of-sight from Earth, making their movement against that backdrop"
"Question: Why did the solar nebula heat up as it collapsed?
A: Collisions among planetesimals generated friction and heat.
B: Radiation from other nearby stars that had formed earlier heated the nebula.
C: The shock wave from a nearby supernova heated the gas.
D: As the cloud shrank its gravitational potential energy was converted to kinetic energy and then into thermal energy.
Answer: ",D,D," D
Explanation: When solar nebulae collapse, their particles are pulled closer together by gravity which causes them to increase in velocity (kinetic energy). This conversion of gravitational potential energy is what leads the cloud's temperature to"
"Question: Which of the following most likely explains why Venus does not have a strong magnetic field?
A: Its rotation is too slow.
B: It has too thick an atmosphere.
C: It is too large.
D: It does not have a metallic core.
Answer: ",A,D," D: It does not have a metallic core.
Answer Explanation: Earth's magnetic field comes from its rotating, liquid iron inner-core and the convective motions that occur in this layer of molten"
